q,2q_plus_1,penalty_factor,asymptotic_limit
2,5,1.000000,0.5
3,7,0.833333,0.5
5,11,0.700000,0.5
11,23,0.590909,0.5
23,47,0.543478,0.5
29,59,0.534483,0.5
41,83,0.524390,0.5
53,107,0.518868,0.5
83,167,0.512048,0.5
89,179,0.511236,0.5
113,227,0.508850,0.5
131,263,0.507634,0.5
173,347,0.505780,0.5
179,359,0.505587,0.5
191,383,0.505236,0.5
233,467,0.504292,0.5
239,479,0.504184,0.5
251,503,0.503984,0.5
281,563,0.503559,0.5
293,587,0.503413,0.5
